UserName,Review,Score,Date,Bank
steveawsum,"I signed up, completed identity verification and KYC checks. Deposited some cash. After a week, they lock me out and force me to complete ‚Äúselfie verification‚Äù again??? Then even more trivial, no matter what I do the error messages of ‚Äúdoesn‚Äôt match our records‚Äù always come up. Screw these neobanks, at least traditional banks don‚Äôt screw you over because they got laws to follow.",1,2024-03-08 05:51:31,Revolut
AlvaroAW,"While the rest of the banks make it more difficult every day, Revolut never stop improving and making life easier for its users. That what a want from my day to day bank.",5,2024-03-08 02:33:09,Revolut
channa_e,I was subscribed to metal and I wanted to close this account. So I downgraded. Had to pay $39 penalty fee which is acceptable. But even after paying penalty. I had to wait since some transactions were pending. I waited for few days. Then I check I had to withdraw all my remaining balance. Finally I finished all the required criteria and proceeded to close account option. Upon clicking close account this app gives 3 pop ups asking to stay. I keep clicking ‚Äúclose account‚Äù on all 3 pop ups and it finally proceeded to enter pin. Upon entering pin app says something went wrong. So basically in short this app does not let you to close accounts even after paying penalty. I‚Äôm guessing because it‚Äôs not categorized as a bank it is not being governed by banking law in the country. Ideally bank would get fined for forcing a customer to keep an account.,1,2024-03-03 15:05:39,Revolut
DavidChing,Had issue signing up twice. Go back to YouTrip,1,2024-03-03 13:18:10,Revolut
Perry-the-Platypus,What a joke of an app that tries to help exchange currency. Fake advertising.,1,2024-03-01 10:06:53,Revolut
NickyyGoh,"This apps really make u vomit blood
A lot of bug during sign up. Used up 1hrs install uninstall still keep stuck at bug 
Annoyed!!!",1,2024-02-18 13:08:07,Revolut
jango_sg,"So by some magical stroke of luck, my account was upgraded to a ""Premium Plan"" which costs $10 a month for features I don't need or used.

Then magically, the account goes into negative because the $10 was charged.

So you'd frantically go and see what this plan is and remove it. You can't. You need to downgrade which costs $10.

And because the account is in negative, you count downgrade

So you proceed to close the account but you can't because you still have a plan.

Which then repeats in a viscous loop.

There is no customer service whatsoever. This is a goddamn hoax, not a bank",1,2024-02-17 10:01:03,Revolut
TlfTetsuo,Couldnt resurrect my account even after 2 hrs of talking to customer services and providing extensive documentation. Never using again.,1,2024-02-15 06:45:30,Revolut
Kaisky123,"Your company need to take more than 4months to process a little refund, and yet still pending to process now, what makes you all think this referral program payment is reliable, shame that you called yourself a payment company.",1,2024-02-06 01:08:26,Revolut
EK Eugene,"This platform is generally okay for payments but don‚Äôt use it as payment for public transport services. I link my revolut card to my watch because of convenience. But once you have some suspicious transactions like double charging, there‚Äôs no way you can file a dispute and no proof to show your suspicion. I will go back to ez-link cards which is a bit troublesome but at least I can make dispute because I can see what bus/train I took in trip history and use their own app. Unlike this linking your card to tap-to-pay thing which you can‚Äôt see your travel history and can‚Äôt make disputes later.",3,2024-02-05 03:50:15,Revolut
New_User01,I‚Äôve tried emailing the customer support but no assistance was provided.,1,2023-12-12 19:38:28,Revolut
g go on u,"If there was 0 stars, I will definitely put it",1,2023-12-07 05:19:23,Revolut
RusselHeng,"Hate the new layout, looks terrible, please revert back to the previous design",1,2023-12-05 05:21:50,Revolut
iboardcast,This app and finance company is trying to do everything under its belt. looking for a good remittance service can‚Äôt even properly at a recipient bank.,2,2023-11-19 01:35:44,Revolut
Weiixiangg,"I initially invited 3 people during this campaign, my dad, mom, and my girlfriend. For my dad‚Äôs account, the customer service officer told us that there was an issue with the security my dad was not able to apply for a card and told me to delete the account and re apply with the same invite link. We did exactly that, made 3 purchases of more than SGD$10 each time, but on my app, it still shows only step 1 done and when I seeked help on the app, it rejected my reward as they said that my dad did not complete the steps.For my mom, her name just straight up was not on my referral page even after completing all the steps. When I requested for help, the system rejected my request starting that they have already rewarded me the money which did not make sense as it was still during the campaign period. The only one that worked was for my girlfriend‚Äôs account so a 1/3 chance that the referral works. The help system is also extremely bad as I can only initiate the chat function on the webpage and not the app, and on the webpage, it sometimes bring me on rounds as it will just bring my back to the home page whenever I try to chat with an officer.",1,2023-11-14 17:49:55,Revolut
c-cocolia,Invitees will not get reward and their sign up page never mentions it.,1,2023-11-11 16:45:52,Revolut
sfxnglin,"Context: Based on Revolut‚Äôs T&C, they would take your next available currency wallet, and exchange it at a real time rate if your main wallet does not have sufficient amount.

TLDR; Transactions are not made at the point of reference. It will be accumulated and you will end up spending at least 10% more than you expect to.

For Revolut cards, bus merchants will accumulate all the transactions for a few days, then deduct it from the first time you make the transaction.

For example, at that point of time when you took a trip of only 90cents, you had $1 in your account. 

Hence, you decided to top up your account with another $50 for your next few trips. However, Revolut will take your initial amount ($1) as a point of reference, to deduce your subsequent trips, despite having $50 in your account already.",2,2023-11-09 06:14:31,Revolut
SUTHANSEE,Very cheap way of verifying the customer. So humiliating,1,2023-11-08 07:16:53,Revolut
Tykkimick,"No doubt good exchange rate and simple to use. Was to give 5 star but this happened. Arranged top up transaction, funds was deducted from my account but was showing declined in Revolut. Asked for assist and they took week to inform to check with sending banks (statement was given), took another week informing reviewing and another week coming back informing to check with their receiving bank to speed thing up? So after getting back the funds or not.. will not use this again!

The customer service is terrible and useless, after 6 weeks has passed and no solution was giving and keep pushing the issue away?!?! Why can‚Äôt you guys resolve it when supporting document was giving? Pls return back my money",1,2023-11-06 04:11:53,Revolut
cjk25,"Inadequate help chat, buggy system and security protocols. After several weeks, they still can‚Äôt tell me why my attempts to exchange currency failed even though the amount was below their published limits. And expect any/all online transactions without 3DS verification to fail. Their security protocol will automatically treat it as fraud and decline the transaction and freeze your account. Given that not all overseas/online merchants use 3DS, this means that any purchase using Revolut is a roll of the dice and you have to pray for it to work.",1,2023-10-29 07:16:27,Revolut
Sithija_d,I got a new phone. Old phone is broken. Can't login to new phone. No reply to the support request CSRB-477651,1,2023-10-27 05:30:01,Revolut
M.Azad.R,"I've opened 2 bank accounts online using just my Singpass. Revolut asked for access to my data using Singpass AND wanted me to jake a selfie showing the front and back of my passport. Not my national ID (NRIC), but my passport. That's a bit too much. Especially since they aren't even a bank.",1,2023-10-26 16:52:56,Revolut
Jimmycornsssss,"+One of the best features of service are the rates and plans. Can be good value if you transact a lot . 

-Down side is most transfers to major countries take 5 working days . 

+ customer service are very attentive 

- customer service can not actually fix issues 

+ app is easy to use 

- without a subscription it‚Äôs very expensive",5,2023-10-25 02:30:45,Revolut
ShopaholicXOXO:),I toggled into Revolut 10 and now I cannot change back to the original view. The new experience has stripped away everything that I liked about Revolut. It is unintuitive and tacky. Please provide users with an option to return to the original experience.,1,2023-10-21 18:17:13,Revolut
ÊàëÊ≤íÊúâkkÂπ£,"I transfer 3k to my Revolut walllet, the fund was rejected due to 5k e wallet threshold, however , Revolut refuse to transfer back the money to me after few days.",1,2023-10-18 11:49:28,Revolut
alisonnnhi,"I‚Äôm having trouble opening the app as it keeps prompting me to update to latest version, which I have done - there is no update option available in App Store. How do I overcome the issue and gain access to my account?",3,2023-10-12 14:37:21,Revolut
Timothy Chua,I was almost panic mode when I lost my passcode . Thank you guys after verification my documents. Appreciate your service . Excellent customer service,5,2023-10-11 13:29:12,Revolut
Winson Yeap,"Despite their good marketing and ‚Äúpremium‚Äù looking app design, their tactics are close to scam and is intended to TRAP users from the get go.

They entice users for a free trial which they say will not be charged unless the user opts in. However, what happens is that the user will be automatically be renewed and an amount is charged to the account. Fine, let‚Äôs say you pay and you want to unsubscribe, you can‚Äôt. Instead, you have to pay a CANCELLATION FEE to downgrade your plan back to Standard. Scummy practices. 

In conclusion, highly NOT RECOMMENDED.",1,2023-10-09 09:30:43,Revolut
hairy uggle,"I got this to hopefully make my transactions more convenient, but I have yet to have a smooth experience with this card/app.

The first payment I tried was rejected because the FCY rates increased in the next 10 seconds I hit pay and my balance was 1 cent off.

Later they implemented a compulsory charge on transactions outside of European working hours, which screws over everyone not in or vacationing in Europe. It is very irritating - I expect the cards I have to at least follow my schedule, instead of demand I comply to theirs.",3,2023-10-04 22:42:36,Revolut
yfhcychcyc,"How come even after days, I‚Äôve not received my referral bonus? What‚Äôs going on",2,2023-09-18 16:32:01,Revolut
ogerpon,my account was negative and was suppose to pay the money up soon and therefore out of a sudden i became a premium member without realising? and infact i tried to delete my current bank account to change it to another one and it failed? wow revolut what a big scam app. seriously shouldn‚Äôt try this app,1,2023-09-17 03:56:25,Revolut
JTheTraveller,"Nonsense app , used it in Korea , the exchange rate is so volatile , inconsistent at all , sgd to won is so low .  One day was like 1sgd to 97.1won , next day is 1sgd to 94.6 won. Youtrip is still better .",1,2023-09-16 07:01:22,Revolut
jy.bc,"Phishing people to subscribe a premium trial, but the cancellation will charge 20 dollars, ridiculous",1,2023-09-11 01:09:13,Revolut
Merkinball,Your YouTube ad is soo annoying!!!,1,2023-09-10 13:20:46,Revolut
Kingsleyteh,"Can get your customer service support to contact me ? I tried asking in your app but there is an error keep asking me to select the date before today. I have selected the date is 28/8/2023, and today date is 7/9/2023. Then I can‚Äôt send my enquires also, what can I do ?",1,2023-09-07 07:32:12,Revolut
waterfall1402,too much mystery in this app. Not pure. Can steal your money at any time.,1,2023-09-04 17:09:37,Revolut
NonkungZ,"Without any prior notice or explanation, Revolut decided to close my account. This abrupt account closure has left me shocked and inconvenienced, as it has disrupted my ability to access and manage my funds. The lack of communication and transparency surrounding this decision is simply unacceptable and demonstrates a complete disregard for customer experience and satisfaction.

What troubles me even more is the apparent legitimacy of the Revolut app itself. I have started to doubt the authenticity of the app, given the sudden account closure and the lack of information provided. As a user, I rely on the App Store to ensure that the apps I download and use are safe, reliable, and legitimate. However, this recent experience with Revolut has shaken my trust in the platform‚Äôs ability to curate apps that meet these criteria.",1,2023-08-31 00:32:23,Revolut
OfflineBizExpert,"In-app support is almost non-existent. They pass you from person to person and department to department and sometimes you get no answers for more than an hour. And you never know when someone will answer your question. 

And I‚Äôm on the metal plan which is supposed to give ‚Äúpriority support‚Äù.  

This definitely isn‚Äôt what i envisioned as priority support",1,2023-08-30 13:25:12,Revolut
Charlotte0703,Suddenly log me out and I am unable to log in. Already submit selfie and identity verification but not response at all! Suddenly I am unable to access my account!,1,2023-08-23 03:02:42,Revolut
hayopiyo,"You will not get any reply from developer the reason that your application doesn‚Äôt get approved, they just asked you to keep trying and trying to submit your application, such a failure apps. Totally not recommend.",1,2023-08-18 04:36:50,Revolut
Hassan Mehraj,"Hi Revolut, I had been trying to activate my account! I am unable to log on. How many times do I need to take selfie and upload documents? I am loosing my patience! and poor customer support! I need my money back from my account!

Hi Revolut thanks! I had got back my account! Finally after a long struggle! Sorry I was really loosing patience! Anyway I will be a customer, I do feel it‚Äôs not user friendly! Too many securities! Thank You. Thanks to agent Winn. Unfortunately the chat was closed and sorry.",1,2023-08-02 05:23:35,Revolut
Awy01,"Tried to sign up through a friend recommendation but my account keep hitting error after I link it with SingPass! It just suddenly go blank screen with error massage and cant be used at all. Beware guys, seems scammy and feels like a data collecting app. I regret linking with SingPass. DL at your own risk!",1,2023-07-28 16:07:21,Revolut
Samsayswhut,"Can‚Äôt login even after prompting forgot password and submitting the required docs. Don‚Äôt understand how can there be such a bad UI that prevents users from logging in. Time to try YouTrip instead!

Update: customer service is horrid, arranged a call time slot that ranges 4hours but no call was made in the end",1,2023-07-28 12:53:49,Revolut
Nura AB,"I have reached out to 5 agents, every month, no one is able to clearly advise when my limit will revert. All they said is to wait monthly and it will slowly release the amount monthly as its already capped at $30k. So meaning to say u clearly have to wait 12mths to be able to spend the full $30k which is not any pre-credit but your own money. If u are travelling overseas pls check this 364 limit on your profile. It embarrasing to get decline when u have more than enough funds to pay but due to this limitation. And dont waste time no agent can help they dont even think and push to MAS regulatory which i dont have experience w ofher card and they clearly be able to advise when.",1,2023-07-22 16:27:22,Revolut
Nickname561616272,I repeatedly asked to downgrade my plan because the only feature that made the plan worth it was now not available anymore. 3 different chat officers and they still havent downgraded my plan and they STILL PROCEED TO CHARGE ME. THIS IS CRAZY. Will find a way to chargeback from my original credit card. So extremely dissapointing the service juat keep getting worse.,1,2023-07-08 17:27:31,Revolut
Avril6,"I live in Southeast Asia and frequently travel to Thailand, Malaysia, Singapore.. Revolut has helped me a lot while I'm travelling to Europe, but it would be more helpful if you could also be available in more country in Southeast Asia. :thumbs_up:",4,2023-07-05 09:37:34,Revolut
Hu Kai,"Thanks for this convenient software. I have used it for my two trips in Jun 2023, one is for Europe, another is for Australia.
Appreciate the team.",5,2023-07-03 04:26:28,Revolut
PWEJ25,"Literally doing my first app review in my whole life because of how bad their system is. For some reason, my pin is not working which resulted in me clicking ""forget password"". It directed me to a page that requested a picture of myself and my ID in which I provided on 25/06/2023 night. It noted that it will take usually less than 10 minutes (no reply at all even till the next day). So, on 26/06/2023 night, I tried again and it failed my verification process. It directed me to a chat agent (Navi) who requested I took a picture with my ID, then requesting I took a picture with a paper writing ""revolut, date (26/06/2023) and time"" in which I did a selfie of myself and my macbook's notes app because I didn't have paper, he/she said it has to be on paper due to security reasons.",1,2023-06-26 13:25:15,Revolut
aezjnn,"25 Jun received reply from developer, may I know which Bank maintenance for over a week? If you sincere to help, you do this: Set up a Giro using Maybank savings account. Log in to Maybank online banking, check the Revolut Giro is tied to your bank account successfully. Okay now you delete it. Then you come back to Revolut APP, can you see the Maybank account still in APP? If you can still see, click Revoke, does it remove the bank account link? In summary: 16/6 Terminate Giro directly by calling Bank, not via Revoke ( think this caused the issue now) 25/6 Bank account still shows in Revolut APP 17/6-25/6 Had clicked Revoke in APP which is dumb as there is no more Giro to terminate as per bank‚Äôs record. ‚Äî‚Äî‚Äî‚Äî‚Äî‚Äî‚Äî‚Äî‚Äî‚Äî‚Äî‚Äî‚Äî‚Äî‚Äî‚Äî‚Äî‚Äî‚Äî‚Äî‚Äî‚Äî I had linked a bank account to Resolut. The Giro was set up successfully as I log on to my bank account online banking, I can see Resolut Giro. However, top up failed, there is an error message about exceeding limit. Followed up with Bank, Bank said did not see any limit restriction for Resolut Giro. Okay, normal next step is to unlink and link again, right? So I terminated the Giro at bank's end. Guess what? Resolut DID NOT CAPTURE the Giro termination. That bank account still shows in Resolut APP. I can click on it but it does NOT activate a top up. Yeah, right, Giro to Resolut already terminated at Bank's side. How about re-link? Nope, APP indicates that the bank account is currently linked to my Resolut acocunt. Reported this issue, agent closed ticket with a non-resolution update. Great !!! What little confidence it inspires to use Resolut given the incapacity to fix issue with inadmirable capability? And a strange update? Surely, the unlinked bank account is now a set of numbers residing as data in the system tied to my Resolut account. It is most helpful to shed light how challenging it is to take a look at that and attempt a delete backend? Currently, am using other similar services, no issue with unlinking bank account. Oh, if you had not done Giro, DO NOT LINK YOUR BANK ACCOUNT TO RESOLUT, YOUR BANK NAME + ACCOUNT NUMBERS WILL BE IN FULL DISPLAY. Ultimate indiscretion.",1,2023-06-25 05:02:58,Revolut
Louis IMK,3 DOLLARS FEES FOR A 50 DOLLARS LOCAL TRANSACTION! NOT INTERNATIONAL  BUT LOCAL TRANSACTION! ARE YOU PEOPLE GONE MAD? I STORED AT LEAST 500 SGD EVERY MONTH IN YOUR APP BECAUSE I LIKED IT BUT NOW YOU GUYS DISAPPOINTED ME WITH YOUR UNFAIR CHARGING! THIS WILL MAKE YOU LOSE A LOT OF COSTUMERS! SAYONARA.,1,2023-06-11 05:41:10,Revolut
AaronChai,Don‚Äôt waste your time to download or register,1,2023-06-08 02:56:51,Revolut
Disappointed with design,"Downloaded app, signed up, donated $20, then closed my account and deleted the app all within the space of an hour when I realised (including after chatting with unhelpful support agents) that you can‚Äôt even choose what to display on the physical card. This is the most basic thing that a card issuer normally allows. For privacy reasons I never have my entire legal name on display, but Revolut insists on doing that automatically with no alternatives to mask one‚Äôs name. Hard pass.",1,2023-06-06 05:46:16,Revolut
Reviews from user,"I used the app before, and I have money inside.
Suddenly it requests face recognition, never did before. if I cannot provide face recognition I can not access my money in the app.
This is borderline thief.",1,2023-06-03 03:21:01,Revolut
qwerty200201,"I‚Äôve had so much trouble moving money and out of my accounts. The customer service is quick, but it‚Äôs so annoying that ive spent hours fixing weird issues with my accounts. Wise and YouTrip provided significantly smoother experiences",1,2023-05-31 14:08:15,Revolut
XH$,"Due to bad service, I had requested for a transfer of funds and closure of account. Have not heard back. What a waste of time!",1,2023-05-30 10:26:54,Revolut
Iamvicky6899,I have opened an account with two banks Standard Chartered which is the most popular and reputed & Wise with my ID. And when trying to open an account in Revolut using the same ID they said we couldn't verify your ID Documents. I don't know if Revolute is bigger and safer than Standard Chartered as it required :frowning_face_with_open_mouth: other documents to verify my identity.,1,2023-05-28 17:54:50,Revolut
Rastateofmind,"The only reason why I‚Äôm not giving this a full 5 star is because they don‚Äôt do MYR which is odd considering they have practically have every Asian currency Bath,Pesos, Rupees and MYR is just next door dude. So you wanna earn my stars work harder:winking_face:",4,2023-05-28 01:14:47,Revolut
MckaylaSwift,"Although convenient, fees charged to buy cryptos are 1.99%! And it‚Äôs not in fiat money but in cryptos!

If you buy 100BTC, fees are 1.99BTC. 

Won‚Äôt use you guys again.",2,2023-05-20 07:33:07,Revolut
biglobe,Need to set up again every time.,3,2023-05-16 09:41:29,Revolut
_jusmeen,":warning::no_entry::warning::no_entry::warning::no_entry::warning::no_entry:
SHARING IS NOT CARING. AT LEAST NOT IN REVOLUT‚ÄôS CASE.

Revolut has discriminating policies. People using the same invitation / referral links to sign up for new accounts are getting different amounts of referral fees based on some privilege selections with completely no basis. 

Friend A shared referral link to me and Friend B to sign up, both Friend A & B are getting SGD 80 for every successful referrals, I am only getting SGD 45. When contacted, their customer service crew said nothing can be done for such differing treatment and asked me to lodge a complaint. And even until the end of the invitation period, no one addressed my complaint formally.",1,2023-05-10 00:23:26,Revolut
dondondonkee,"I was stuck on the verification page since April 18/19. It was stated on their page that it would take 48 hours. 
But after 5 days, I emailed in, informing about the inconvenience I was facing. I wasn‚Äôt getting a reply. 

Hence, I dm-ed the team on their Instagram & they replied that the team would escalate the case to get it done for me.

It has been 2 weeks since I raised my concerns, yet I wasn‚Äôt getting updates from them, not to mention the issue of being stuck on the verification page unresolved. 

Absolutely inefficient, frustrating experience as a consumer. Please do not download this app! I have $20 deposited that is stuck there forever.",1,2023-05-01 14:24:42,Revolut
Alexandriariana,"Revolut has kept me verifying and reverifying my ID time and again. They even verified then unverified me! The reverification has happened more than 20times and I have been redirected from one customer service officer to another more than 10times, always with lies and false assurances that the issue is being sorted out in the next few days. They have told me my ID is expired, when the NRIC does not expire, and moreover, I have used MySingpass Info (our government platform) to verify my ID. I have used this same ID to open new trading and bank accounts since then on other platforms without any issue at all. I have also transacted official business over government platforms for my company using my same MySingpass ID to login. No issues whatsoever. I have taken pains explaining that my ID had my residential address updated (required by law) upon my getting my own apartment and that the date reflected is the date that this was updated. No where does it indicated the word ‚Äúexpiry date‚Äù. Do not trust revolut. They cannot even get their act together in such a simple matter as verifying my ID through the official MySingPass ID channel, how can they be trusted in more complex situations. Revolut has caused much trouble and upset, plus wasted time. It has been a most unprofessional and dubious platform, exposing me to risk through their suspect processes (by which I mean verifying and unverifying me repeatedly, having me share my full ID details time and again more than 20times. The irony is I am ‚Äúallowed‚Äù to trade commodities and crypto, so apparently my ID verification is fine for that, but not for stocks. One word sums this circus up - RIDICULOUS! Please get your act together asap, revolut",1,2023-04-26 17:30:38,Revolut
willcena31,"Made 3 exact transactions through shopee using their virtual card, but only one considered for the referral program. I even showed the screenshots of my purchases when asking for help from live agent, was told that they can‚Äôt override the system and they could do nothing about it. The whole time giving me unprofessional attitude and asked me to make additional 2 payments to be considered as genuine transactions. Terrible service and platform, highly discourage you from using Revolut.",1,2023-04-19 09:15:08,Revolut
surgicalmask,"No reward, invite friends for what?",1,2023-04-19 05:20:14,Revolut
jjoe2010,Registration can be simpler. I added card twice and in the end I have three virtual cards and one standard card.,2,2023-04-13 13:46:26,Revolut
Doesn't seem to work at all,"From their promotional email:
(Note: purchases can be done with a virtual card while they wait for their physical one)

But you are unable to setup virtual card until your physical card has arrived to verify the address. 
The physical card will arrive after the promotion has expired. What a fake. Won‚Äôt refer to anyone again‚Ä¶..",1,2023-03-23 01:50:08,Revolut
mixit man,"Easy banking from saving to spending, transferring money is a breeze",5,2023-03-10 11:25:57,Revolut
Chnrxn,"I like the simple interface, fast transaction time and no hidden charges so far. Have been using the app and the temporary cards when I travel to a few countries and had no issue with payment.",5,2023-02-27 15:03:14,Revolut
KeShiLin,Same day transfer of funds to Philippines,5,2023-02-14 13:07:09,Revolut
Amuu99,"Been using revolut for a year and haven‚Äôt look back for any other apps since then. Amazinging App, great UI, Best analystic features",5,2023-01-31 04:46:14,Revolut
aybit,"After the recent update, the error message keeps popping up when I open the app. Didn‚Äôt happen in 2022.",3,2023-01-30 23:00:27,Revolut
rssgp,There‚Äôs a new $0.30 fee each time I top up the Revolut account. It‚Äôs not worth it.,2,2023-01-24 10:46:22,Revolut
Nm2516,I have so far used it in several countries in Europe and Asia with no issues and excellent exchange rates.,5,2023-01-18 02:44:41,Revolut
ytksg,Ordered both the Revolut card and <18 for my kids. The kids card arrived with 2 weeks but the main card has not been delivered after almost 2 months even after I re-order the card. That‚Äôs poor delivery. There‚Äôs no chat or email within the app to allow feedback and contact. That‚Äôs poor customer service. I‚Äôll not recommend this card. YouTrip is probably a better choice. Will not be using the card after we finish the credit we transferred to the card. There‚Äôs better choice out there.,1,2023-01-16 04:16:22,Revolut
Alelude,"I have been using revolut for 1-2 years

Works as intended until I needed customer service which takes 3-5 days to respond 1 single message and despite not solving the issue, goes ahead to close the chat without asking if there is anything else he can help with.

Going to sign up with other competitors as I write this.",1,2023-01-10 06:57:08,Revolut
Áà±Â•ΩÈ∫ªÂ∞ÜÊúãÂèã,"Dear Sir,

There is a problem whenever I try to use my iphone to scan company door access (HID mobile access), Revolut apps always pop out. No matter how I deactivate it, it still pop out even try to reinstall Revolut apps. Still having the same problem.",2,2023-01-09 12:46:47,Revolut
xMPx Halomaniac,"It just got just at creating a passcode, I created it then want me to create again and again and again non-stop",1,2023-01-04 17:02:33,Revolut
Azdtroyyy,"I cant express how many thanks i can to your team for creating this app. I have issues with creating a bank account with two people. And u guys made it real, now i can save woth my wife and we can monitor the spendage properly. Your exchange rate is good too! I do buy some items online in Us store and if i dont exchange and use normal visa, its so expensive!!! Now i dont have to worry with such low fees. Im your fan now revolut! U will earn a very loyal customer. Thank you! And oh, please do add like stocks in your app too so that we can buy them, then i think that will be the ultimate one! If u do add stocks, then we can earn dividends as well for some stocks, and u might not know people could buy your stocks too if u made it real! I may be one of them! Thank uou revolut! U guys really are the revolution!",5,2023-01-01 14:26:07,Revolut
joan0234,Worst payment UI in history it is confusing to use and I had login problems when changing my number. Literally unusable and my money is stuck there now,1,2022-11-30 03:52:18,Revolut
Artemis1999,"Got rejected with the reason that Revolut can‚Äôt identify me, went through the process multiple times, provided different documents, result is the same‚Ä¶",1,2022-11-20 06:04:32,Revolut
ak47sharma,Stay away. A nightmare to come out of.,5,2022-11-19 00:11:28,Revolut
t.l.s.g,My account kept getting deactivated each time i try to verify my identity even though i used the appropriate documents such as passport and identification card. Tried to chat with ‚ÄòLive support team‚Äô multiple times. Mentioned that I kept getting deactivated each time I verified and wanted to know why. They just kept asking me to verify my identification as they cant do anything without it. Showed them screenshots of me doing that the previous time and asked whether they can escalate the issue as once i verify i get deactivated and lose the ability to chat with them. But they insisted and I‚Äôm back to being deactivated without hearing an explanation. Submitted complain feedback but not much help also,1,2022-11-16 09:25:16,Revolut
agdksbwg,I made a transfer yesterday (14/11) to a singapore local banks account but still my transaction is pending revolute team say they are checking. Don't know whether I can made the transaction successfully or not? Wish revolute refund back my amount $800.,1,2022-11-15 00:06:31,Revolut
Cornelia Noniek,Unpredictable in transfer time,2,2022-11-14 04:45:19,Revolut
Docs hmdcakhbbhjdavjhb,They called my purchases with Shopee invalid lol and refused to give my friend the referral money,1,2022-11-07 06:31:26,Revolut
cyclops009,Better to ignore. Customer service even worse.,1,2022-11-02 13:51:51,Revolut
NAY-19,"Sure, the referral bonus seems nice but don‚Äôt bother with it, cause you‚Äôll never get it.

Invalid transaction according to the program and their T&C includes FX, transfers, gambling, giftcards.

My referrals spent directly (not via top up) on Shopee on their retail purchases, one of the biggest online retailers in Singapore and it came to my attention that Shopee transactions are not valid (research on Reddit).

Bad experience and please don‚Äôt ever use their services. Revolut is a personal finance app that is dishonest with their marketing content.",1,2022-10-21 04:28:03,Revolut
lynamy09,"Why so difficult to get contact with customer service:enraged_face:

I get access to view and check on my card balance:enraged_face: suddenly i can‚Äôt used my passcode.  Email to Revolut and reply by a robot and still didn‚Äôt help.  

How can i discontinue using this Revolute card? And i just upgrade to a premium card.

Please assist as I totally cannot access to the app. I have been prompted that my hp no is not registered to the app :flushed_face:",1,2022-10-18 11:46:04,Revolut
Dom2478TD,"Living in a country where there a yearly spending limit and there's no feature that shows my how much I've got left of my limit - hence I've no clue about how much I can use the card.. should be that difficult to add the feature so we(people living in countries with spending limits) know what we can and can't do!!!
Until then I'll not be recommending this app to anyone, sorry Revolut.",1,2022-10-12 14:45:12,Revolut
Sohlucky,I like all the overall app experience!,5,2022-10-10 03:38:31,Revolut
baha karim,Able to have multiple accounts for multiple purposes.,5,2022-10-09 18:59:10,Revolut
bsssgssss,"They have promo this period  to refer 5 friends to get $80 each referral as long as you will have 3x purchase with minimum of $10 each. But after completing the requirements to qualify to the promo, Chat Support  will tag your transactions as invalid merchant even when you just purchase normal items from Lazada or Shopee. Chat support will ask you to buy more to qualify. This is beyond expectation and i wish i didn‚Äôt join their referral scheme.",1,2022-10-04 14:54:31,Revolut
ET home üòÜ,Best app :thumbs_up::thumbs_up::grinning_face:,5,2022-10-04 11:11:55,Revolut
wenditay09,Kept showing no connection and I can‚Äôt use it throughout my whole trip‚Ä¶,1,2022-10-02 11:43:11,Revolut
Zyngapoler,I love it! Wish I can get lifetime subscription free!,5,2022-09-23 15:57:50,Revolut
leia/yoda,The app works fine but the weekend exchange rate of 1% adds up and doesn‚Äôt make it any more competitive compared to YouTrip.,4,2022-09-12 15:36:52,Revolut
Lord Tan,These guys have no idea what drives the usage of a debit card and makes things very difficult for the average user. Lock funds and never review for a long time after full submission of documents. Really suspicious. Have to be wary after all the high profile closure,1,2022-09-03 00:56:06,Revolut
avvyy,"But they reached out to me this week and urged to get another card because the current one would expire in 2 months. I might be wrong but it‚Äôs 2022, I have 2 years more, right? So when I get a new card I will have to update all subscriptions (linked to the Revolut card) because card number has been changed. No, thanks, don‚Äôt need. Removing the app and throwing away the card.",1,2022-08-30 03:31:46,Revolut
Shieldlin,Don‚Äôt bother downloading this app. Requires you to verify with your ID. Did 4 times and all 4 times were unsuccessful which lead to account deactivation. Really not worth your time (2 hours for me) to figure this out. Great app layout but terrible support and service,1,2022-08-30 00:21:44,Revolut
Gameloft Greedy,Did not receive rewards despite following the instructions,1,2022-08-24 00:26:15,Revolut
Legend_WareWolf,"the verification identity and getting my account restricted 3 times or deactivated. first i used mine , im 35 this year but after that my account got restricted so i used my husband and he was fine with it . BUT still got the account deactivated.",1,2022-08-16 14:41:09,Revolut
ProPersonOfPro,"Attempted multiple transfer via Apple Pay, Credit card but all failed. Deleted and updated Mobile App twice but nothing seems to work! What happened to this great service ??",1,2022-08-08 07:52:22,Revolut
gashnu,"Horrible customer service. 
Customer service officer Nicholas just gave generic answers which didn‚Äôt help at all. 
Once again, great card. Horrible staff",1,2022-08-06 15:35:09,Revolut
A_8987_,"My account there‚Äôs money but unfortunately I can‚Äôt make any transactions using the card. The support team kept delaying and have not gotten back to me yet. Not even sure if my money is it stuck inside the account now, might not be able to get back the money inside my account I guess",1,2022-08-06 14:16:52,Revolut
Spritch123,Revolut is asking personal and confidential information at random times. If you don‚Äôt comply you risk getting your money blocked by them.,1,2022-08-05 12:39:13,Revolut
Vik 8888,"DEFINITELY DO NOT RECOMMEND! Takes more than 3 days to get back with a single chat with 5 different agents, but still didn‚Äôt manage to solve my issue because Revolut arbitrarily changed the promotion requirements without sending an email or an in-app notification, quite despicable.",1,2022-08-05 08:33:51,Revolut
ThisIsACoolNickname,In-app live chat is completely unresponsive. Customer service is non-existent. Referral promotions also do not work.,1,2022-08-03 00:47:06,Revolut
M1 U5ER,This app has full of technical issues. How to trust such an app with our money?,1,2022-07-16 03:30:11,Revolut
heyymynameisjoe,"referral is a scam, made 3 purchases of >10$ but received no referral reward in return, waste time waste money would like to give it 0 star but minimum is 1",1,2022-07-15 03:11:52,Revolut
sprect8,"Getting random charges on this app but when I went to report it they claimed it was legitimate charge within the app

Poor service, terrible experience after using this for more than 3 years. Buyer beware don‚Äôt waste your time and money on Revolut. Use to be wonderful to use but it‚Äôs gotten worse over the years. Use to be a platinum card holder until they removed all rewards

Would give 0 stars but it‚Äôs not possible",1,2022-07-14 13:00:46,Revolut
faviidae,I m very unhappy with Revolut as it is unable to restore my frozen card for the last 48 hrs. The customer chat is not helpful as they keep insisting that the card is active despite the fact that I have multiple rejections from various merchants for tiny amounts of money. I regret making Revolut my main cashless payment method.,1,2022-07-04 23:16:09,Revolut
Superbobbywong,"By providing my SG mobile number for the sign up several times, I still could not receive the one-time-pin that is supposed to be sent to me via SMS. Without that I cannot continue the sign up application",1,2022-06-28 03:02:00,Revolut
Hklots,"This referral is absolute rubbish. There is guarantee if your purchase is going to be accepted. There is no list of accepted or no accepted merchants. All it says in the terms and conditions is ‚Äú Make 3 separate purchases of at least 10 SGD each with their virtual or physical card (only genuine purchases, transfers, gambling, gift cards, etc. are NOT valid). Amazon and shopee was not accepted and who knows what else. The support chat is of no help at all as he‚Äôs got no clue which merchants are for sure accepted.",1,2022-06-23 13:52:24,Revolut
Lieama,The only way to contact is thru the in app chat. I have raised an issue and a week later still no answer saying they have system error. System error for a week?! Unbelievable!,1,2022-06-21 02:58:38,Revolut
shdushdh,Served its purpose well for cash withdrawal overseas at superb good rate!  A must for overseas travel in countries that support Revolut!!,5,2022-06-15 02:51:58,Revolut
ferlaumx,"My experience since day 1 has been awesome with Revolut in Singapore. From the moment I got registered, receiving customer support for some doubts I had about their global insurance and the interaction with the app doing overseas payments and while traveling has been frictionless. Congrats Revolut team! Happy customer here. Hope you keep doing it great!",5,2022-06-11 09:48:53,Revolut
EvilMochi,"I‚Äôve had an open support ticket for 5 months now with zero resolution. The constant chat cycle loop is, ‚Äúsorry we‚Äôre waiting for a reply from the relevant team‚Äù. 

Revolut is an absolute joke.",1,2022-06-04 04:15:39,Revolut
steve4656,"Nothing works. SMS codes either not sent or, do not work when they are sent. Have a card but cannot sign in. Just nothing‚Ä¶..",1,2022-05-31 12:43:19,Revolut
Direct_opinion18,The app says that I Have have exceeded the top up limit for the year when the top up limit is $0. Very strange.,1,2022-05-29 06:08:37,Revolut
1788382833,Got cheated by their referral programme. Asked 2 different in chat agents to clarify on how to get th referral . Still ended up getting 0 reward after inviting 2 friends and meeting all the criteria. Pls dont use such application that is so untrustworthy and full of lies. Actually wanted to invite more friends to bring them more business but i guess they dont deserve it,1,2022-05-23 14:12:34,Revolut
Hekticyoloqqq,"I have now been on hold with Revolut staff to access MY money that I deposited to pay my rent in a foreign country. After NEARLY ONE WEEK, I am still unable to verify my account until the card shows up (two more weeks) and unable to use my own money. 

This surely goes against all regulatory protocols but my efforts to resolve the issue with support staff are useless. Revolut will allow you to put money in your account, but until it is verified (after a significant delay) you are unable to do anything with it. 

BE WARNED. DO NOT USE THIS APP.",1,2022-05-22 04:13:35,Revolut
Kathy_FoodLover123,"Horrible customer service and practices!! Do not use Revolut. Try other similar apps. Their ‚Äústandard practices‚Äù facilitate fraudulent transactions!! When there are issues with the transactions and you inform Revolut immediately to cancel them, they do NOTHING to help you and would advise you that only merchants can cancel that transaction‚Ä¶ Their customer service agents are only interested in bickering with you, than giving you any concrete help!",1,2022-05-12 09:05:24,Revolut
joseph teo,"I submitted my ID card, my Singpass and selfie , all they did is deactivate your account and blacklist you. Imagine sharing your privacy with them. Worst AML & KYC team.",1,2022-05-10 06:39:52,Revolut
leothelion96,Scan your money,1,2022-05-07 17:07:50,Revolut
Majorbomb!,"Don‚Äôt trust your money with them. I recently relocated out of SG and suddenly lost access to my account. And realized that they don‚Äôt have any other form of support other than in app chat, which is inaccessible if you can‚Äôt login to your account. Terrible customer service and the worst kind of UX.",1,2022-04-27 19:43:35,Revolut
papercoaster,Signed up for the Metal plan and now can‚Äôt downgrade without paying a termination fee. Customer service not helpful either with clear instructions. Just a poor experience through and through.,1,2022-04-24 03:52:24,Revolut
Apple_Yu,"I topped up the card on day one, then used the card for transportation. At first the app said I incurred $0.10 for the transportation. Later on unknowingly the app revised that and charged me $14. That‚Äôs insane! I sweared that the public transportation didn‚Äôt cost that much. Best part is, such crazy amount also occured in coming days. I did all my best to seek clarification on this. Sadly all Revolut said was nothing.",1,2022-04-22 14:09:48,Revolut
jehceek,Long wait time for support,2,2022-04-21 19:46:06,Revolut
zTBk9thEwn7TH6GZ,Invited a friend and completed 3 genuine purchases. Few days and no referral reward received. Customer service said need to perform one more and claim that one of the transaction is not genuine then say that they cannot provide information on which is not genuine. Very scammy company. Deal with this company at your own risk and don‚Äôt expect rewards.,1,2022-03-19 04:33:41,Revolut
Luciez21,"It has been 3 weeks since i reported the case where my transaction failed but Revolut include this failed amount into my monthly quota. Making me unable to do transaction without being charged  ‚Äúfair usage fee 0.5%‚Äù due to ‚Äúexceed monthly quota‚Äù. 
I‚Äôve requested over and over again to reset, but always same answer given, ‚ÄúRelevant team has not responded yet. Your time and patience is highly appreciated‚Äù.
I guess it will only ‚Äúresolved‚Äù when limit refreshed by recurring month. I utterly disappointed",1,2022-02-23 07:36:32,Revolut
jphm65,"App and functionalities are great‚Ä¶ the only issue is that none of the cash rewards are distributed despite thousands dollars spent on one of the partners, and customer/technical support does not seem to want to resolve the issue",2,2022-02-08 02:20:52,Revolut
Cire2018jaksknf,"Sending money to my homecountry is very fast, safe and convenient with less fees. Worry-free.",4,2022-02-04 11:20:14,Revolut
I wan mah money,"I paid for 12 mo metal subscription, used my account for business purpose to make use of the cashback benefit, in the end they froze my account in july and hellbent on me verifying my funds, Gave them all the damn info 2 times over since the Customer service officer changes and didn‚Äôt bother reading the initial ticket.

Out of nowhere in feb 2022 they magically said the check is done without me doing anything after ignoring their request in july2021. Bloody joke of a company. Never doing my transactions with this company ever again.",1,2022-02-01 17:15:22,Revolut
Nickbrian,Better transfer rates compared to other international transfer.,5,2022-01-31 04:43:54,Revolut
Iguvcyxectvuonop,"This company is beyond trash. Created an account. Got deactivated. Reason: I have multiple account. Went into chat to clarify that I don‚Äôt have multiple account. They resolved it by saying. Sorry we still decide to deactivate your account and it‚Äôs final. But now we can‚Äôt disclose the reason why we deactivate your account. Waste of time and give me anxiety as they actually uses your personal info. Makes me wonder if I‚Äôm a victim of identity thief . Will never know. They aren‚Äôt transparent to say. When it‚Äôs your own personal information. I believe we have a basic rights to know. 
I shall advertise apps that can replace Revolut. Cause they are revolting. 
1. You trip - life saver. Personally use this. 
2. Wirex 
3. Wise",1,2022-01-07 09:44:38,Revolut
Paul---Paul,"AVOID this app for money transfer at all cost. You cannot transfer money if you do not sign up for revolut credit card & activate the cc (to verify address, BS!) & make a purchase. A scam-like activity. Your money locked in revolut if you do not apply for their credit card.",1,2021-12-29 08:57:11,Revolut
Kalem911,"When you decided to downgrade :
1) revolt will charge another usd $19.99 (disgusting)
2) regardless whether u downgraded just after u paid for the current month, it will terminate immediately (disgusting ) - I have subscript many plans before, the other will continue the current mth till it ends even if u break free and there is no break free charges",1,2021-12-18 10:22:14,Revolut
Bear1457835,Do not get this service. You Trip is much better with no fees. I am currently on the metal plan and I have absolutely no service or support to speak of. The card will randomly block transactions and you will never know why. You will also have no way to approve said transaction. Complete rubbish service!,1,2021-12-12 17:50:32,Revolut
nickname2434,Don‚Äôt download it its a wasted of space and your time,1,2021-12-11 01:37:37,Revolut
santiyunita,"I encountered issue where the transaction history (in IDR) shows 3 additional 0 but it does not happen for other currency. 
Support was helpful to extend the issue to relevant team, however they dont have SLA on when the issue will be fixed (excuse me, did you just ask me to quit using your service?) and it is very depressing.
Support team has minimal knowledge to resolve your issue, that is as good as they keep the case chat open so if you need someone to talk to, yeah they are there. This is also frustrating because they cant give you concrete answer. 
After 24 hours + keeping my case open, and after 3 set of screenshots, restart, uninstall they finally said the issue fixed. But they didnt. 
Then I updated my ios and support said: so the issue is fixed in v8.3.2 and your app is 8.3.1.
Me: but i just updated my app and it is the latest one.
Support: yes it is not available in your area yet.
You know what, you could have put it in 1 explanative sentence and that would save us time.",2,2021-11-30 23:22:18,Revolut
Lins573975,"WORST CARD EVER!
I was so excited to introduce my friend about this app till I found out all my friends money (including mine) was deducted in the app! Couldn‚Äôt get our refund too! Each person was deducted 20 over bucks! The worst thing is, using the app to transfer money to another Revolut app, both Revolut acc was deducted off the money, and the transaction doesn‚Äôt show the money was deducted! LIKE SERIOUSLY WHERE THE HELL IS MY MONEY?!",1,2021-11-24 05:35:24,Revolut
Tal Eliyahu,"‚ÄúGet up to S$200 in cashback‚Äù, small letters (only if you spend 2500$). Seems that you don‚Äôt provide any progress from the legacy institution which you became now to be.",1,2021-11-24 03:24:08,Revolut
Mcbulble,"Ur Customer service is arrant 
Not sure tge revere was unable to post
Cannot contact the Mgmt team staff pop up n hide behind no one can seek help

Nik Storonsky for your attention",1,2021-11-16 23:56:57,Revolut
dobrin123,"I am trying to retrieve password, system saying we are sending a message, no message sent (but if i try setting up a new account, it sends successfully).
Then i click on dont have access to my phone, app says sorry cant retrieve your account, pls make a new one
Then i try making a new account - sorry, you already have an account‚Ä¶ 
No help on the website or the app
Such a time waste, i am getting transferwise",1,2021-11-06 14:13:18,Revolut
0517NGWY,The charge for bus and mrt is much higher than normal EZ-Link card.,1,2021-11-06 12:16:50,Revolut
xiao.nan,"I cannot login and the confirmation email never sent through, neither in inbox and spam folder.",1,2021-10-29 03:50:02,Revolut
5har,"Kept informing me the error due to top up is the bank even when I‚Äôve informed them that before reaching out, I‚Äôve called my bank to check. But they insist it was the bank. The person took days to check this. Then a week later they informed me that a transfer is not possible due to the limit to the account instead. Wasted so much of my time waiting for the wrong information and to keep contacting my bank. The help service are definitely not there to help but just to close off the matter. They wouldn‚Äôt even admit their mistake when asked.",1,2021-10-27 22:37:55,Revolut
fjfudls√∂smxkxifb,"When it works, the interface and ease-of-use is great. But often it doesn‚Äôt work and then you have no idea why. E.g when I can‚Äôt transfer money to Revolut from my bank account, it might fail due to some random limit, but it would only say ‚ÄùFailed‚Äù. No idea why. One day I could transfer 600$ to my Revolut and then next day I couldn‚Äôt",2,2021-10-27 02:01:41,Revolut
fiz ali,"A simple cash referral/incentive that was offered if we completed certain steps was not honoured despite completing these steps. Customer service gave generic replies instead of addressing the issue at hand. Makes me question the support, if they can't handle the incentive program right, how can i trust my own hard earned money in this app if something goes awry and all i get are generic replies? Has potential and room to improve but i would definitely not use it at the moment.",2,2021-10-07 04:02:51,Revolut
EagleTofu,"From the live chat the agent told me that I did not clear the criteria for the referral thing when I did clear and provided the screen shot and been told saying that:‚Äù I‚Äôd love to stay but my shift has come to an end. I understand that I haven‚Äôt resolved your issues yet but I will be needing to transfer you over to one of my colleagues and will continue to assist you. Moreover, my colleagues can read through our conversation, so there‚Äôs no need to reiterate the details and issues. Have a great day!‚Äù 

Lol such a great way to not trying to solve and say will have his or her colleagues to help until now not even one attend back.",1,2021-10-01 14:12:19,Revolut
Fullerdada,"Have referral program, referred, my friend signed up, no $25 for both of us.. is it a scam? Feel so cheated especially when I have to ask my friend to go through the sign up process, and ended up with no rewards..",1,2021-10-01 11:00:10,Revolut
baosuabaohai,"Its a friday morning and i have to wait for more than 3 hours for the live chat agent to entertain me... Please avoid using this at all cost, unless you prefer to experience lost of patiences and rage.",1,2021-10-01 04:19:08,Revolut
Unagi Sushi,"Tried the referral thing from my cousin and it just wouldn't work, then we tried to transfer back my money to my bank account and it wouldn't let me. I'm gonna be a Karen because I earned that money that's being held hostage in that awful vault-ish app and i demand to speak to your supervisor, what kind of nonsense is this? we should be able to transfer back the money if THINGS DONT WORK. Please fix your system ASAP, i want my money back",1,2021-09-26 14:51:17,Revolut
Kayevillmat,I love revolut! Especially the vaults section. Helps me plan my purchases even better!,5,2021-09-07 10:27:57,Revolut
Ahhhrong,Terminated My acc & Revolut return money to the source. My relative acc was terminated too but given time to withdraw money out. Highly not recommended to use.,1,2021-09-07 01:52:24,Revolut
popei69,Revolut app used to have an overview of the crypto position like the stock tab had but it got recently removed. It makes it really difficult to know if my crypto are going up or down based since my first investment. It completely remove the incentive of a daily trading. Might move to another app and transfer it there...,2,2021-08-16 08:46:08,Revolut
Sharakuma,Excellent portal. Very transparent and fast user friendly.,5,2021-08-11 09:56:04,Revolut
Nickey 2,On a same trip we use YouTrip & our relatives uses Revolut. The exchange rate is better for YouTrip.,1,2021-08-10 18:36:55,Revolut
Devotionsvisage,Preventing the app from running on jailbroken devices does not protect Revolut; it simply annoys your customers,1,2021-08-09 12:54:38,Revolut
gsaliot,When we could use our Visa Revolut to cash at the Singapore ATM ?,5,2021-08-04 03:06:58,Revolut
The Average Saver,Chat agent have no clue what is going on. Encouraged me to use a competitor‚Äôs card LMAO,1,2021-08-03 10:43:02,Revolut
kyroschen,"I would caution everyone against using this service. Recently money that I transferred in did not arrive, and Revolut refused to even entertain me unless I was able to produce a document in the exact bureaucratic form they specified. While this story had a happy ending [supposedly the money lost its way and took 3 weeks longer than usual to arrive], I shudder to think of Revolut‚Äôs callous attitude should this happen to me again.",1,2021-08-03 06:55:29,Revolut
xthethz,Good exchange rate but when i send money and was unsuccessful they didnt refund the service charge. What if every time you send was unsuccessful so we‚Äôve been charged for nothing.,1,2021-08-02 09:54:21,Revolut
Kimberly MJ,"While I was relieved that Revolut freeze my card, my card was used for 2 transactions of which one went through.  Howeverc, I was unable to reach their customer service yet able to transfer the remaining money to my bank account.

Not a secured payment method.

Do not recommend the use of this card.",2,2021-07-19 22:19:30,Revolut
G goh,"It was all good until I found out that there is a $30000 annual limit on your card. Apparently once the limit has been reached, your card will be frozen. You cannot do anything about it until the limit refreshed.

App also does not show when you hit the limit, or when you can start using it. But it allows you to continue depositing money inside without being able to use it.",1,2021-07-13 05:00:12,Revolut
MrVIP88,"Worst banking experience ever. Receive a few transactions from friends and then account freeze. 
It would be easier to get vetted before a president election then clearing this. Absolutely shocked by poor customer relation.",1,2021-07-02 13:08:21,Revolut
Nara Aslanyan,Simply the best!,5,2021-06-27 18:04:17,Revolut
Andy ES,It‚Äôs a cult. They will close your account if your account activities don‚Äôt generate revenue for them. Don‚Äôt join. There are many better alternatives out there.,1,2021-06-17 16:13:42,Revolut
hkb_,0 transaction fee as of now to send to India,5,2021-06-15 06:15:04,Revolut
Areith,Has been using Revolut for travel and moved my cc expenses that incurred conversion fees to Revolut as well. Rates are so much better than bank cc rates.,5,2021-06-12 06:08:33,Revolut
Iphone4s Lover,Unable to transfer money to my bank account. Reason is simple ‚ÄúAn unknown error occured‚Äù. Please do not transfer your money into Revolut if u want it out via a transfer. Inflexible and a waste of my time.,1,2021-06-05 09:13:09,Revolut
Starnoon,I just submitted my front and back IC and have taken my facial for verification sign up but it was hanged at 60%. Can help to reset the submission. Thank you.,5,2021-05-29 13:54:05,Revolut
cmanish93,Really good app . User interface is great.,5,2021-05-29 07:59:39,Revolut
Sxwryt,"Im using my friend referral, i completed everything to get the promotion, but its turn out, in order to get the money credit to your account, need to chat with support team and waiting time 2 hours. What kind of nonsense is this, just give as promises and no hassle. You better put in your ad, money credit is not auto, need to contact support to get the reward money credit to your accountwitu waiting time 2 hours. This should be digital with no hassle.",1,2021-05-26 15:46:33,Revolut
ahxiao125,"They ran a promotion if you applied and did the steps you get $50

Did all the required steps it didn‚Äôt come 
Wrote to the promoter and the company.
Promoter told me to Contact customer support from the company Revolut.

I wrote to them , they reply me after a week the promotion link is invalid after the promotion ended, and nothing can be done. 

They could have done something if it was replied earlier, also they purposely drag out the reply, initial reply was slow and avoiding the situation",1,2021-05-26 01:49:43,Revolut
juergenKloppBro,Waste of time man getting others to follow the referral nonsense without any clarity or following up on the promise. Thanks for wasting my time,1,2021-05-25 10:49:46,Revolut
Hal.Ariela,Was told to follow a link to download this app to get a cash reward. But followed the link. Downloaded the app. Added the card to three of my other apps. Topped up cash in the app but there wasn‚Äôt any reward given. Totally disappointed. Felt like I was scammed even before being able to use the app.,1,2021-05-25 03:59:05,Revolut
Maple0204,"The team refused to extend a referral reward despite extensive promotions by claiming that only ‚Äòinvited people‚Äô have ‚Äòspecial links‚Äô where someone can earn a referral. If you used a normal referral link, you wouldn‚Äôt be entitled to the $50 unless the person who referred you to was purportedly an ‚Äúinvited person‚Äù. Right from the get go, Revolut treats someone who bothered to sign up like a third rate customer. What‚Äôs the point of posting this promotion publicly if you‚Äôre only going to extend it to ‚Äòinvited people‚Äô unless you were out to hopefully mislead people into signing up without having to pay the referral? 

2 hours wait time with 2 agents that were quick to leave the conversation. The 3rd agent was more patient but didn‚Äôt attempt to solve the problem. Instead, they consistently deflected the problem and asked the person referee to reach out to them instead to clarify their referral status. That absolutely didn‚Äôt solve the problem at all and I wish they didn‚Äôt waste my time.

Revolut‚Äôs behaviour absolutely disgusts me and I wouldn‚Äôt trust my money with them. I advise other users to re-read the terms and conditions carefully over and over again in case Revolut misleads you the same way I and many others have been misled.",1,2021-05-24 17:26:54,Revolut
Todayrisn,"The app design was frustrating enough without all the hidden fees and secret limits imposed on the account. I was told that my account has reached its transfer limit, but couldn‚Äôt find anything about it on the interface or help articles. The help chat was frustrating as well, because I had to explain 3 times before they understood what my issue was, and their only response was that they can‚Äôt help me. So I‚Äôve got foreign currency stuck in my account now, and it‚Äôs impossible to get it out without incurring additional transaction fees from Revolut. For an app that handles financial transactions, the lack of transparency is quite scary and frustrating.",1,2021-05-24 06:47:50,Revolut
Bothreq,Easy to use. Able to transfer money to loved ones overseas without incurring paying expensive remittance fee.,5,2021-05-06 15:15:51,Revolut
El187,What can you say? This is the best! Easy transfer and safe.,5,2021-05-04 15:12:41,Revolut
Troysham,It was good but now it‚Äôs bad.,5,2021-04-19 02:00:05,Revolut
vyzn,"Zero star. Period. I was trying to transfer my USD from revolut to UOB global currency account but it got rejected, UOB told me to get the SWIFT message (MT103) in order to investigate further, but when i reached out to revolut they said are not able to provide MT103. What kind of fintech is this?",1,2021-04-16 14:29:52,Revolut
Willtkh,I just downloaded the Revolut app yesterday.. transfer cannot be done and all my transferred funds are still stuck in the account.. one of the worst app I had ever used..,1,2021-04-16 03:18:45,Revolut
elielr01,"In order to send money you need to order a physical card. So now my money is locked there, without me being able to use it because the physical card delivery takes 1 week....

And not only that, you also need to ACTIVATE the card by doing an in-app purchase...

So you guys locked my money for 1 week, forced me to request a card that I DON‚ÄôT WANT, and forced me to SPEND MONEY to activate that card... all that just as an onboarding process????

And I talked to your customer support and they asked me to make an inquiry to PAYPAL????? Like, should I also be requesting support to McDonald‚Äôs or what‚Äôs that Paypal random involvement about?

Worst UX, worst customer support, I want my money back, I don‚Äôt want your forced-to-request-and-activate card, and I want my account with you guys terminated ASAP.",1,2021-03-24 11:18:22,Revolut
nickkkkkkkkn,"Ridiculous donkey age communist-level style of inquiry into your personal funds, including asking for your NOA, salary slips, on top of printed bank statements, bank balance slips, etc. I had to submit less documents when applying for my housing loan lol. Not sure how Revolut intends to continue operating in Singapore but I will not using them anymore and will lodge a report with MAS. No such thing as PDPA to them. Thankfully I have all my funds withdrawn or spent but I‚Äôve read horror stories about people having tens of thousands held hostage :face_screaming_in_fear:",1,2021-03-24 00:45:53,Revolut
Olivier88888,"A 2000‚Äôs misconduct method in the skin of a digital bank !!! 

Adnan, Revolut says :
‚Äú Sorry for the inconvenience. In this case i would like to inform you please ask to Merchant to send us an email that the payment is not authorized and cancel it, we revert the payment‚Äù

This is the 3rd time that some transactions failed with no reasons. Clicked merchant confirm button and failed immediately. Yet funds are deducted !! 
Even with the merchant failed report, my funds are blocked somewhere and I can not use them ! 

Adnan are you acting alone ?",1,2021-03-09 10:17:00,Revolut
rinaldo_leo,The customer service capability of this app is ridiculously tardy. The card capability is seamless to work in multiple countries and continues to freeze up usage when required. This coupled with delayed customer service makes its usage worthless.,1,2021-02-19 07:30:35,Revolut
dummy1408,"Very practical and fast, especially for overseas transfer.",5,2021-02-16 23:17:29,Revolut
zyp@sg,Make sure your core features work before adding bells and whistles.,1,2021-02-15 11:41:33,Revolut
starlit in glory,Poor compliance procedures. They locked my account on the basis that I need to provide my wife‚Äôs source of income????! Very poor service and a complete breach of privacy. I will close the account.,1,2021-02-08 16:32:34,Revolut
NBsIphone,Believe this is the only Fintech I know to not have a line or email to call in to enquire what is going on,1,2021-02-08 09:15:06,Revolut
Emanjames25,"Please check, I can‚Äôt use the app. Once open after 5 seconds it will crash.:face_screaming_in_fear:",1,2021-01-31 16:11:28,Revolut
Liangchao,Most lousiest app. Deducting money from user without approval. Refund and the money cannot be transferred to account. Stating that its an ongoing issue. DO NOT SIGN UP!,1,2021-01-15 10:08:09,Revolut
Stevy Liu,"I made a purchase online and it was unsuccessful but on revolut statement it appeared as pending, so Revolut held my money, I couldn‚Äôt revert and it took 10 days until they returned my money. 
Then the second time it happened, I chatted the customer services few times and they said they would revert the money but needed me to wait until the next day after the failed transaction and then another 10 hours. But then they gave me ‚ÄòNO‚Äô. 
I did provide the email screenshot from the merchant which stated that the money is not transferred to them and It should be refunded to me in 48hours by the bank, if not I should contact the card provider. What a lousy service and policy Revolut have. Truly wasted of my time to contact them many times and given empty promises, at the end they didn‚Äôt help at all, they made it difficult by asking me to contact the merchant again when it‚Äôs already so obvious that the merchant has said to look for the card provider.",1,2021-01-13 21:41:15,Revolut
Junpotato,One of the best digital bank,5,2021-01-06 14:58:11,Revolut
Kelvin384674827,"The biggest attraction of this wallet to me is the exchange rate much nearer to live rate, now the exchange rate SGD MYR difference so much worse than local bank and money changer exchange rate, these places offer 3.03 while this wallet gives only 3, what a big difference!",1,2021-01-02 05:51:20,Revolut
wildchee,Transfer of funds have never been easier as global transfer of funds was an issue for me as im from singapore,5,2020-12-27 23:09:10,Revolut
theme cannot work,What is happening?! I cannot sign in - keeps complaining the app has no internet connection. Prompt for pin and verification but can never get through. How to explain so much that the app is not working.. tired!. for an app it should not be difficult to use.,1,2020-12-10 05:39:15,Revolut
roxsoxbox,"I pay $19.90 here in singapore with no features. They removed the concierge service and free lounge pass. Now the only feature i am left with is the metal card. We can‚Äôt trade shares nor withdraw from ATM. Rewards section is pure trash and they only advertise things like gaming gold and things that no one would be interested in. They wouldn‚Äôt allow me to cancel my plan and i am stuck with this god forsaken app. This app is a maze and terribly difficult to navigate around and their ‚Äú24/7‚Äù support team is a complete joke. Most of the time i had to wait 3-4 hours to get help but that‚Äôs on a good day, because the wait is usually longer.
FROM BAD TO WORST.",1,2020-11-30 02:05:36,Revolut
Sigfiedhunter,The card charged wrong currency incurring currency conversion charges and after that they just acted like it‚Äôs not their problem.. fraud!,1,2020-11-25 09:10:37,Revolut
pkhats,"Revolut app has moved to a chat based customer service and for any issues you either email them (which they will never respond to) or chat with them on the app (which I tried literally 10+ times for a very small issue and still no resolution!) on top of this I spent at least 3hours just waiting for a response since there is a lag of 20mins between two text that the agent will send you.

This has been an extremely tiring and annoying experience!",1,2020-11-22 18:15:43,Revolut
ShoutItOut,"Now I can‚Äôt go into the app. Face ID doesn‚Äôt work. Entering my pin which was unchanged causes it to lock me out saying too many attempts. 

Clicking on forgot pin causes the app to exit.",2,2020-11-18 04:34:17,Revolut
Cherruth,Vault is a good way for saving. If only it comes with some interests...... love how the change with added. Very good concept!,5,2020-11-17 03:11:20,Revolut
tams2018,"Beware that they charge higher for the monthly plan BUT you have to pay for 12 months, but it‚Äôs more expensive than the annual plan! They don‚Äôt say this anywhere when you are signing up except buried in terms and conditions so that they can claim legally they‚Äôre fine. So warning everyone!",1,2020-11-12 08:16:01,Revolut
ThangPQ93,Changelog said I can now hide a product. But what‚Äôs a ‚Äúproduct‚Äù inside Revolut actually ? I don‚Äôt see this word mentioned anywhere inside the app,2,2020-10-22 13:21:24,Revolut
Unikfellas,"From good to bad. Trying to make online purchase but failed. Also, go fix the in app chat box. The message got cut off at the bottom. Couldn‚Äôt even read",1,2020-09-24 06:19:42,Revolut
adiselva,"Very bad customer service, with no response from team. Please start an option to call and get queries addressed. Customer chat service is unhelpful.",1,2020-09-06 01:42:11,Revolut
gerald1307,The bank transfer is still not working after more than 1 week and my funds are being withheld without any explanation. The only thing that your customer service officer can offer is that your technical team is working hard. There should be a manual workaround as it is not legal nor ethical to deny consumer access to own funds. Even the funds transfer to my own external account is being rejected. Isn't this a breach of MAS regulations under Payment Services Act?,1,2020-09-01 14:00:29,Revolut
Qwer1234bnm,"I have been trying to register on this app for the past 6 months. What‚Äôs good about an app that doesn‚Äôt allow you to get in? 
I have given my IC, connected the app via SingPass but in the end I get the same thing, cannot verify.",1,2020-08-19 01:11:35,Revolut
eliza karolina,crap - difficult to use because the provider cannot be contacted. heaps of ‚Äúno-reply‚Äù emails - and no response to requests for assistance. plus: expensive,1,2020-07-29 17:08:19,Revolut
panghh23,"I made a 2 transfers 2 days ago and Revolut emailed saying transaction completed but my bank did not receive the funds , even though account details are correct. Who can I check with in Revolut to resolve this?",3,2020-07-29 01:49:52,Revolut
Lapi77,Everything your bank offers but free or for 1/10 of the price,5,2020-07-23 09:32:41,Revolut
ronaldyee,"The UI changes in June 2020 is definitely not a good move from Revolut, as you can see there are so many bad ratings on that. I would give 5 stars to the previous UI which is much more user friendly. For Singapore users, most of the features are unavailable. We don‚Äôt have Account Number for the major currencies (not even home currency in SGD), we can‚Äôt buy cryptocurrency or gold, we can‚Äôt trade stock, and many other features which are only available to the UK edition. How long do we need to wait for these features to be available? It is quite disappointing to be a Metal customer but end up with so many features unavailable to the Singapore users. I hope your features could be standardized across the globe.",3,2020-07-10 10:49:54,Revolut
charleswkc,"Being a premium plan subscriber, I must say among the similar apps that I have been using, this is by far having the worst customer service experience. A small transfer is still pending after 12 days.  ‚ÄúRelevant team is still fixing the issue‚Äù is not acceptable. Support agent can‚Äôt give me a timeline, can‚Äôt tell me if this is an issue for this particular transfer or affecting others, and can‚Äôt even advise me if I should cancel this transfer and start a new one. There is no point contacting support if nothing is being addressed. My advice is to use TransferWise instead, even if they do not have Apple Pay support yet. I have never encountered an issue with them and I don‚Äôt even pay any premium to use their services. Unfortunately, I am locked for 12 months having to pay for premium subscription. I am going to close my account as soon as I am done with the plan.",1,2020-07-06 18:04:05,Revolut
GrabFood,Stated no TOP up fees for deposit but was charged . No response from Customer Service,1,2020-07-06 15:37:48,Revolut
chippenpuepp,"If you are in Singapore you won‚Äôt have an account number. Not sure if/when that changes.

The only way to add money is via Apple Pay.

You cannot make payments without granting access your contacts.

The app interface used to be quite clean. It is getting more cluttered with every update. Annoying pop ups everywhere. 

If that‚Äôs the future of banking, no thank you!",1,2020-07-06 08:54:24,Revolut
bumelodyk,"Topped up $20 via apple pay but the first transaction ""failed"" so i clicked another time, turns out both transactions went through but fine. Few days later i realised revolut charged me $20.56 for each transaction when there shouldnt be a fee because i paid through apple pay and this has NEVER happened before so im bewildered why it would happen now. Am in the midst of contacting their customer service staff and will see how it goes.",1,2020-06-28 00:43:00,Revolut
Superwg,I have the exact same sentiment. The unfamiliarity of new design are very prone to mistake. User will accidentally click on the button that he did not intent to and execute the transfer of money. Very dangerous app. Don‚Äôt use.,1,2020-06-18 23:01:54,Revolut
JoshYKL,"Been using this app since launch and account has been locked twice due to multiple purchases overseas , isn‚Äôt this app suppose to let us spend overseas freely without using our own cards? And my account is being locked for the same exact reason which I find really dumb. Account also is currently locked and they want funds verification which I sent and they are not satisfied thus transferring me into another team of support which had been 2 weeks and no got back to me. Really take that Long for someone to help? Even live chat the support staffs ghost me and just pass on to the next staff in charge and they just ask back the same exact questions which I‚Äôve already answered to the previous one. Please do something about your service, right now it‚Äôs really not recommended to use this application based on a user standpoint as they can have your funds locked up without a valid reason and dateline of when they would release them. :thumbs_down_light_skin_tone:",1,2020-06-15 13:16:57,Revolut
Aver@ge i0S Us‚Ç¨r,Please add Dark Mode support!,5,2020-06-14 14:18:58,Revolut
Rachelsasd,Revolut was a 5/5 app before they change to the new interface. However it is now very difficult to use. It is hard to see all the account with different currencies and hard to see the transaction::(,2,2020-06-13 05:39:16,Revolut
NarlaNiks,"As long as there is no issue in any of revolut services I am happy but once if we have got any issue and we require support then we are at dead end.
Revolut does not have any support over call and in-app chat is the worst option as there is no clarity if we are acknowledged or will be attended and we have to wait hours just seeing a blank chat screen
Please improve the in-app chat or provide other modes of customer support as some issues require immediate assistance and in current support we do not get assistance even after hours",5,2020-06-11 06:06:15,Revolut
Kate 28,"The new UI is so confusing and horrible! Why change something that didn‚Äôt need fixing in the first place? It‚Äôs so confusing & I prefer the old one where it‚Äôs easier to see how much money I have, plus all the transactions and requests I need to clear without having to tap so many buttons. Everything was there and it‚Äôs easy for users to scroll up & down to see all the transactions. 

There is so much space wasted in the bottom part of new UI. Hope you guys can change it back to the old one which was more user friendly.",2,2020-06-09 04:03:23,Revolut
RArora user,The latest UI is not good .. avoid the update unless mandated .. lots of pages are now hideen .. cannot find rates ..,3,2020-06-08 10:47:09,Revolut
DarkArcZ,Really great app. Love the UX and especially how there are no fees when you exchange currencies!,5,2020-06-01 06:25:54,Revolut
Sleep2night,"Hello, I am not able to apply for my Revolut Standard card as I am not able to receive the verification code for my mobile number to create an account. Tried a few times to send a verification code to my number but to no avail. 

Could I have some assistance on this matter, please?",2,2020-05-01 15:01:08,Revolut
Josh Quek (the real one),Hey why did you guys remove that? It allows me to see the burndown of the amount in the account. Can you guys bring back this feature? And maybe have an option to enable or disable that feature.,5,2020-04-21 09:53:32,Revolut
taqueem,The best,5,2020-04-16 03:07:08,Revolut
Sarahbeckett,"It keeps saying ‚ÄúSomething went wrong, please try again later‚Äù when I try to register or login. I already deleted and redownloaded the app so many times but it didn‚Äôt fix it. Please fix the bug!",1,2020-04-13 08:26:40,Revolut
@sidthedesigner,"Guys, what are you all doing. The whole idea of the app was to see the amount I have in my account loud and big in the center when I open the app. Now with the new update why would you push that to the left corner. Now my eyes will never focus on the amount I have in my account. Please the design team look into the visual hierarchy of the page. You just messed up a nicely designed page in this update. Have been looking up to this app in terms of amazing visual design for a while. Why would u change it?????",5,2020-04-08 01:54:15,Revolut
sachinsiib,"Revolut will not prominently say anywhere , but the truth is that the amount of funds you can add to your revolut are limited by limits. No one knows what the limit is. Not even Revolut!
I‚Äôm based in Singapore and after days of trying I eventually found out that I can only add a small amount of funds to Revolut using Apple Pay and NO OTHER MEANS. Thus, I have EUR funds in my bank account and I want to use them when I travel to Europe...  and I can‚Äôt add those funds to revolut . 
So it‚Äôs useless!",2,2020-03-30 02:36:27,Revolut
Brant82,"After accepting my money, Revolut is now refusing to verify my identification. No attempt to email/call me or any other effort to resolve issue, just reject and ignore. 

IF YOU DO NOT INTEND TO VERIFY, REFUND THE MONEY.",1,2020-03-27 06:21:50,Revolut
SDP81,"Looking forward to the account numbers for SGD and other currencies, would be nice if you made and announcement on when we should be expecting these.",5,2020-03-26 15:29:25,Revolut
Silverhedgehog1000,"For the past few months, I‚Äôve enjoyed using Revolut to track my financial spendings. The app is simple to navigate around, and feels really snappy to use. Being able to use Apple Pay to top-up my card adds to the convenience of using the app, but I longed for full Apple Pay integration ever since the app launched in Singapore.

Now that you guys have finally added it in, the whole Revolut experience feels more complete and I can now be a lot less reliant on my physical wallet whenever i‚Äôm making a purchase.",5,2020-03-24 03:17:25,Revolut
Milo1704,Took the metal card in December when I had some money. Since the virus has hit I can‚Äôt go anywhere and have had all my work cancelled. Just been charged 40 bucks to early cancel a debit card! Didn‚Äôt realize a debit card could go into negative numbers. Lol. Lol you guys are ridiculous!,1,2020-03-22 12:19:41,Revolut
Djokervicc,The application keep crashing upon log in,1,2020-03-16 19:47:04,Revolut
efgjovsfn,When will be available cryptocurrency support in Singapore,4,2020-03-15 00:39:01,Revolut
Sahid sarkar,I tried twice to check the identity by uploading ic. I have snap shots  to proof how clear the image was but failed both the times.,1,2020-02-29 04:52:32,Revolut
redbulltcp,Does not reply to chat while account is frozen. Better to go with TransferWise.,1,2020-02-10 11:37:43,Revolut
saadkamalsg,"There is a lot to love about Revolut. This is what regular banking should have been like. I have stopped using all my cards and solely use Revolut. 

The slap from MAS to cap everything to 30k year is probably the only downside right now.",5,2020-02-04 08:23:50,Revolut
ExpatMax,Saves me money. Fairly easy to use. Very versatile.  I am able transfer fund to most location w no transaction fees. I can also set the exchange rate to auto choose the high for the day so I get more bang for my buck,5,2020-01-31 05:35:29,Revolut
Haiqal kent,"Don‚Äôt get me wrong the app looks friendly usable, i made a virtual card, but it didn‚Äôt tick the list of basic banking app. I made a transfer from revolut account to my other bank account. It took so long just to make bank transfer.",2,2020-01-29 03:27:15,Revolut
ClaudiaCXY,"Amazing app I use it every day, waiting to use it when I go overseas. Only gripe is they haven‚Äôt allowed buying stocks and financial products in Singapore like Robinhood in the US. Waiting for that day fingers crossed",5,2020-01-26 12:04:40,Revolut
Luca londoner,"The only thing that this Revolut does ok is transferring funds in my home currency which is not something I need it for. Every time there was another currency involved I ended up incurring into even more, and substantially so, than my regular bank. Liars. Absolutely horrific experience.",1,2020-01-26 03:56:02,Revolut
pancgom,"After reading all the reviews, doing a lot of research, Revolut looks like it is trying to do a lot of things with no focus to what it should do.

Users getting locked out, unable to use funds, verification failure, etc... 

What kind of organization takes your money and locks you out?

What kind of app takes your money then asks for more verification to use your own money?

I would strongly recommend using Youtrip for all your travel needs FX. It does it right and does it good. If YouTrip doesn‚Äôt cut it for you try Wirex. 

As Revolut grows its doesn‚Äôt seem to bother about its users. Let Revolut get their processes and start listening to its users then perhaps use their services. 

Remember YouTrip or Wirex or Kubia could be worth a shot.",1,2020-01-25 03:02:05,Revolut
Premium Metal,"Revolut has the worst customer service ever. Go to their Facebook and read all the negative comments there! Despite being a premium metal card customer, they put me on hold for 3 weeks and still counting. After conducting numerous SOF reviews, they still limit my account. Their CSO talked down to me, implying that I lied. Asked very detailed questions for my transactions, and proceeded to question my reasons. My fund is stuck inside, and I shall close my account when they decide to reply. With so many restrictions, they might as well just tell what kind of transactions that I can do!",1,2020-01-24 15:22:00,Revolut
azyx3131,Received a warning from compliance stating I have been flagged for potential misuse and that account will be frozen. I hope that the compliance team can be more thoughtful towards customers who have high spending behaviors.,1,2020-01-23 02:56:36,Revolut
ghuness1987,perfect futuristic bank app,5,2020-01-22 11:21:51,Revolut
Terranhahhsbene,Use this code to get $10 when you sign up !!,5,2020-01-15 12:02:45,Revolut
km0005,"It‚Äôs fast, convenient, clear, hassle-free, very defined, easy to use.",5,2019-12-19 12:42:25,Revolut
Tony_9012,Wanted to use for up coming trip. Top up the card and got locked out with my money stuck inside. Beware,1,2019-12-16 10:38:42,Revolut
can't playback,my card is unusable. :man_shrugging:,1,2019-12-15 12:33:52,Revolut
jefftanlt,Tried 10 times still have problem,1,2019-11-22 01:14:36,Revolut
kelvinkwek,No way you can go pass the photo documents verification if it‚Äôs not accepted. And you can‚Äôt communicate the issue within the App as identify has not been verified. It just didn‚Äôt state why selfie and IC not accepted.,1,2019-11-16 07:37:44,Revolut
blissfulgeek,I am a brand new user and the app keeps crashing right after setting PIN and verifying phone number vi SMS.,1,2019-11-13 14:16:18,Revolut
Hey Care Bear,Good exchange rate,5,2019-10-31 00:52:57,Revolut
Ialan93,"After updated to the latest version, me and my friends unable to login, kindly fix it!",1,2019-10-30 13:43:22,Revolut
kishankhatri,Have been stuck on documents verification screen for two weeks now. The design says 2 to 48 hours LOL! Please look into it.,1,2019-10-29 02:54:13,Revolut
Danzlh,No sms otp to my SG number,1,2019-10-28 07:14:42,Revolut
Disapponted Client,"Once i open an acccount, i am unable to close it. Tapping on option to ‚Äúclose account‚Äù just leads you on a merry go round with lots of irriting steps. Disappointing.",1,2019-10-27 08:30:08,Revolut
q well Cons NI,I think it might be a scam,5,2019-10-21 22:53:38,Revolut
llAnonymousll45368891a,Registration requires a selfie and it doesn‚Äôt tell you that requirement only AFTER you topped up $20. Deleted and shall continue to use youtrip instead.,1,2019-10-09 17:32:57,Revolut
Diendoublee,I m trying to add money to my account via Apple Pay and I keep receiving transaction failed error. What is the problem???,2,2019-10-08 10:35:51,Revolut
Maxihaa,"Can‚Äôt show the whole screen sometimes + 
The reward system is totally misleading, and not stable, be ready to waste ur time promote their app and receive nothing. If I can, I wish could give 0 star. It‚Äôs really disappointing when you initially liked a company so much until u realised they are not faithful. Treat customers like idiots.",1,2019-10-03 22:34:33,Revolut
Jeemoo,Sometimes the keyboard does not appear,1,2019-09-28 10:50:02,Revolut
souravious,"There should be an option to mask the card number and cvv on cards menu. Its not safe to view cards section in public places like trains, bus etc. where people can take a picture of someone‚Äôs phone screen.",5,2019-09-23 10:51:13,Revolut
Mehul16,"I received an email saying my Revolut account is ready, and I was asked to update my app. However, after doing so, I was informed that I was on the wait list once again. Can someone please look into my case? There‚Äôs no helpline or email address specified in your mailer",2,2019-08-30 04:23:56,Revolut
gauravsanan,"I received an email today that my account is ready. All I need to do was update my app and I am part of beta users. 

Well the message still says I am in a queue. Some 14k people are ahead. 

What‚Äôs going to Mr cool bank",2,2019-08-29 15:09:23,Revolut
User id invite : clickme,"The team behind Revolut Singapore are committed to ensuring the highest level of customer satisfaction. They have exceeded my expectations, and I would highly recommend Revolut. With their help, my entire application process was made absolutely seamless. Thank you Revolut for granting me a peace of mind for my upcoming travels :thumbs_up_medium-light_skin_tone:",5,2019-08-27 11:05:26,Revolut
DiogoBap,"Revolut app works so well, very simple to manage, well organized and fast response. 
I recommend it to everybody.",5,2019-05-29 10:33:50,Revolut
Shabir21,"Hi, Revolut was said to be released in the Q1 of 2019 in Singapore. Q1 has ended but it has not been released yet.",5,2019-04-12 12:03:09,Revolut
LordofSkys,The best,5,2018-09-01 07:11:18,Revolut
aniawo,"Thank You :folded_hands_light_skin_tone: Revolut team for making word better. It amazing how smart people working there, creating application which ALWAYS is on point.",5,2018-08-20 16:31:46,Revolut
Nitneval,"Revolut is simply disrupting the banking industry with their innovative approach.
It was already the best banking app before. And now, they‚Äôre supporting crypto-currencies... Wow! They are way ahead the others I‚Äôve tried!
Good job Revolut! Thanks",5,2017-12-08 05:51:49,Revolut
c100mark,"Card was delivered in time, support works very fast and I really enjoy the services",5,2017-02-01 11:41:24,Revolut
